Record Length,2.50E+03,,t,V
Sample Interval,1.00E-06,,-0.00125,0.08
Trigger Point,1.25E+03,,-0.001249,0.08
,,,-0.001248,0.08
,,,-0.001247,0.1
,,,-0.001246,0.1
Source,CH1,,-0.001245,0.1
Vertical Units,V,,-0.001244,0.1
Vertical Scale,5.00E-01,,-0.001243,0.14
Vertical Offset,0.00E+00,,-0.001242,0.1
Horizontal Units,s,,-0.001241,0.12
Horizontal Scale,2.50E-04,,-0.00124,0.14
Pt Fmt,Y,,-0.001239,0.14
Yzero,0.00E+00,,-0.001238,0.16
Probe Atten,1.00E+00,,-0.001237,0.16
Model Number,TDS2014B,,-0.001236,0.16
Serial Number,C041770,,-0.001235,0.16
Firmware Version,FV:v22.01,,-0.001234,0.18
,,,-0.001233,0.18
,,,-0.001232,0.2
,,,-0.001231,0.18
,,,-0.00123,0.2
,,,-0.001229,0.2
,,,-0.001228,0.2
,,,-0.001227,0.2
,,,-0.001226,0.22
,,,-0.001225,0.22
,,,-0.001224,0.2
,,,-0.001223,0.2
,,,-0.001222,0.22
,,,-0.001221,0.2
,,,-0.00122,0.22
,,,-0.001219,0.22
,,,-0.001218,0.22
,,,-0.001217,0.22
,,,-0.001216,0.22
,,,-0.001215,0.22
,,,-0.001214,0.2
,,,-0.001213,0.22
,,,-0.001212,0.22
,,,-0.001211,0.18
,,,-0.00121,0.2
,,,-0.001209,0.2
,,,-0.001208,0.2
,,,-0.001207,0.18
,,,-0.001206,0.18
,,,-0.001205,0.16
,,,-0.001204,0.16
,,,-0.001203,0.12
,,,-0.001202,0.12
,,,-0.001201,0.12
,,,-0.0012,0.1
,,,-0.001199,0.08
,,,-0.001198,0.06
,,,-0.001197,0.04
,,,-0.001196,0.04
,,,-0.001195,0.02
,,,-0.001194,0
,,,-0.001193,0
,,,-0.001192,-0.04
,,,-0.001191,-0.06
,,,-0.00119,-0.08
,,,-0.001189,-0.06
,,,-0.001188,-0.06
,,,-0.001187,-0.06
,,,-0.001186,-0.08
,,,-0.001185,-0.08
,,,-0.001184,-0.06
,,,-0.001183,-0.06
,,,-0.001182,-0.06
,,,-0.001181,-0.06
,,,-0.00118,-0.06
,,,-0.001179,-0.08
,,,-0.001178,-0.06
,,,-0.001177,-0.06
,,,-0.001176,-0.06
,,,-0.001175,-0.06
,,,-0.001174,-0.06
,,,-0.001173,-0.04
,,,-0.001172,-0.04
,,,-0.001171,-0.02
,,,-0.00117,0
,,,-0.001169,0
,,,-0.001168,-0.02
,,,-0.001167,0
,,,-0.001166,-0.02
,,,-0.001165,-0.02
,,,-0.001164,-0.02
,,,-0.001163,-0.02
,,,-0.001162,-0.04
,,,-0.001161,-0.06
,,,-0.00116,-0.06
,,,-0.001159,-0.06
,,,-0.001158,-0.06
,,,-0.001157,-0.08
,,,-0.001156,-0.08
,,,-0.001155,-0.06
,,,-0.001154,-0.06
,,,-0.001153,-0.08
,,,-0.001152,-0.06
,,,-0.001151,-0.08
,,,-0.00115,-0.08
,,,-0.001149,-0.08
,,,-0.001148,-0.08
,,,-0.001147,-0.08
,,,-0.001146,-0.06
,,,-0.001145,-0.06
,,,-0.001144,-0.06
,,,-0.001143,-0.06
,,,-0.001142,-0.08
,,,-0.001141,-0.06
,,,-0.00114,-0.06
,,,-0.001139,-0.06
,,,-0.001138,-0.06
,,,-0.001137,-0.06
,,,-0.001136,-0.06
,,,-0.001135,-0.06
,,,-0.001134,-0.08
,,,-0.001133,-0.06
,,,-0.001132,-0.08
,,,-0.001131,-0.06
,,,-0.00113,-0.08
,,,-0.001129,-0.06
,,,-0.001128,-0.08
,,,-0.001127,-0.08
,,,-0.001126,-0.08
,,,-0.001125,-0.06
,,,-0.001124,-0.06
,,,-0.001123,-0.06
,,,-0.001122,-0.06
,,,-0.001121,-0.04
,,,-0.00112,-0.06
,,,-0.001119,-0.06
,,,-0.001118,-0.06
,,,-0.001117,-0.06
,,,-0.001116,-0.04
,,,-0.001115,-0.06
,,,-0.001114,-0.06
,,,-0.001113,-0.06
,,,-0.001112,-0.06
,,,-0.001111,-0.06
,,,-0.00111,-0.08
,,,-0.001109,-0.08
,,,-0.001108,-0.08
,,,-0.001107,-0.04
,,,-0.001106,-0.06
,,,-0.001105,-0.06
,,,-0.001104,-0.08
,,,-0.001103,-0.06
,,,-0.001102,-0.06
,,,-0.001101,-0.06
,,,-0.0011,-0.06
,,,-0.001099,-0.08
,,,-0.001098,-0.06
,,,-0.001097,-0.06
,,,-0.001096,-0.06
,,,-0.001095,-0.08
,,,-0.001094,-0.06
,,,-0.001093,-0.08
,,,-0.001092,-0.06
,,,-0.001091,-0.06
,,,-0.00109,-0.06
,,,-0.001089,-0.08
,,,-0.001088,-0.08
,,,-0.001087,-0.06
,,,-0.001086,-0.08
,,,-0.001085,-0.06
,,,-0.001084,-0.06
,,,-0.001083,-0.06
,,,-0.001082,-0.06
,,,-0.001081,-0.06
,,,-0.00108,-0.08
,,,-0.001079,-0.06
,,,-0.001078,-0.06
,,,-0.001077,-0.06
,,,-0.001076,-0.06
,,,-0.001075,-0.06
,,,-0.001074,-0.06
,,,-0.001073,-0.06
,,,-0.001072,-0.04
,,,-0.001071,-0.04
,,,-0.00107,-0.02
,,,-0.001069,0
,,,-0.001068,0
,,,-0.001067,0.02
,,,-0.001066,0.02
,,,-0.001065,0.02
,,,-0.001064,0.04
,,,-0.001063,0.08
,,,-0.001062,0.06
,,,-0.001061,0.08
,,,-0.00106,0.08
,,,-0.001059,0.1
,,,-0.001058,0.1
,,,-0.001057,0.1
,,,-0.001056,0.12
,,,-0.001055,0.12
,,,-0.001054,0.12
,,,-0.001053,0.1
,,,-0.001052,0.12
,,,-0.001051,0.14
,,,-0.00105,0.12
,,,-0.001049,0.12
,,,-0.001048,0.12
,,,-0.001047,0.12
,,,-0.001046,0.1
,,,-0.001045,0.1
,,,-0.001044,0.08
,,,-0.001043,0.08
,,,-0.001042,0.04
,,,-0.001041,0.02
,,,-0.00104,0
,,,-0.001039,0
,,,-0.001038,-0.04
,,,-0.001037,-0.06
,,,-0.001036,-0.06
,,,-0.001035,-0.08
,,,-0.001034,-0.06
,,,-0.001033,-0.06
,,,-0.001032,-0.08
,,,-0.001031,-0.06
,,,-0.00103,-0.06
,,,-0.001029,-0.06
,,,-0.001028,-0.06
,,,-0.001027,-0.08
,,,-0.001026,-0.06
,,,-0.001025,-0.06
,,,-0.001024,-0.06
,,,-0.001023,-0.06
,,,-0.001022,-0.06
,,,-0.001021,-0.06
,,,-0.00102,-0.06
,,,-0.001019,-0.08
,,,-0.001018,-0.06
,,,-0.001017,-0.06
,,,-0.001016,-0.06
,,,-0.001015,-0.06
,,,-0.001014,-0.06
,,,-0.001013,-0.06
,,,-0.001012,-0.08
,,,-0.001011,-0.08
,,,-0.00101,-0.1
,,,-0.001009,-0.14
,,,-0.001008,-0.2
,,,-0.001007,-0.24
,,,-0.001006,-0.28
,,,-0.001005,-0.24
,,,-0.001004,-0.06
,,,-0.001003,0.2
,,,-0.001002,0.4
,,,-0.001001,0.62
,,,-0.001,0.8
,,,-0.000999,1.04
,,,-0.000998,1.22
,,,-0.000997,1.46
,,,-0.000996,1.4
,,,-0.000995,1.2
,,,-0.000994,1
,,,-0.000993,0.78
,,,-0.000992,0.56
,,,-0.000991,0.34
,,,-0.00099,0.1
,,,-0.000989,-0.08
,,,-0.000988,-0.3
,,,-0.000987,-0.5
,,,-0.000986,-0.42
,,,-0.000985,-0.32
,,,-0.000984,-0.24
,,,-0.000983,-0.16
,,,-0.000982,-0.1
,,,-0.000981,-0.06
,,,-0.00098,-0.06
,,,-0.000979,-0.08
,,,-0.000978,-0.08
,,,-0.000977,-0.06
,,,-0.000976,-0.06
,,,-0.000975,-0.06
,,,-0.000974,-0.06
,,,-0.000973,-0.06
,,,-0.000972,-0.08
,,,-0.000971,-0.06
,,,-0.00097,-0.06
,,,-0.000969,-0.06
,,,-0.000968,-0.06
,,,-0.000967,-0.06
,,,-0.000966,-0.08
,,,-0.000965,-0.08
,,,-0.000964,-0.06
,,,-0.000963,-0.06
,,,-0.000962,-0.08
,,,-0.000961,-0.08
,,,-0.00096,-0.06
,,,-0.000959,-0.08
,,,-0.000958,-0.06
,,,-0.000957,-0.06
,,,-0.000956,-0.06
,,,-0.000955,-0.06
,,,-0.000954,-0.08
,,,-0.000953,-0.06
,,,-0.000952,-0.08
,,,-0.000951,-0.06
,,,-0.00095,-0.06
,,,-0.000949,-0.1
,,,-0.000948,-0.06
,,,-0.000947,-0.06
,,,-0.000946,-0.06
,,,-0.000945,-0.06
,,,-0.000944,-0.08
,,,-0.000943,-0.08
,,,-0.000942,-0.06
,,,-0.000941,-0.06
,,,-0.00094,-0.06
,,,-0.000939,-0.06
,,,-0.000938,-0.06
,,,-0.000937,-0.06
,,,-0.000936,-0.06
,,,-0.000935,-0.06
,,,-0.000934,-0.06
,,,-0.000933,-0.08
,,,-0.000932,-0.06
,,,-0.000931,-0.06
,,,-0.00093,-0.02
,,,-0.000929,-0.04
,,,-0.000928,-0.04
,,,-0.000927,-0.02
,,,-0.000926,-0.02
,,,-0.000925,0
,,,-0.000924,0
,,,-0.000923,0.02
,,,-0.000922,0.02
,,,-0.000921,0.06
,,,-0.00092,0.04
,,,-0.000919,0.06
,,,-0.000918,0.06
,,,-0.000917,0.08
,,,-0.000916,0.08
,,,-0.000915,0.08
,,,-0.000914,0.1
,,,-0.000913,0.1
,,,-0.000912,0.1
,,,-0.000911,0.1
,,,-0.00091,0.12
,,,-0.000909,0.12
,,,-0.000908,0.12
,,,-0.000907,0.16
,,,-0.000906,0.16
,,,-0.000905,0.14
,,,-0.000904,0.16
,,,-0.000903,0.18
,,,-0.000902,0.18
,,,-0.000901,0.16
,,,-0.0009,0.18
,,,-0.000899,0.18
,,,-0.000898,0.2
,,,-0.000897,0.16
,,,-0.000896,0.18
,,,-0.000895,0.2
,,,-0.000894,0.2
,,,-0.000893,0.2
,,,-0.000892,0.2
,,,-0.000891,0.22
,,,-0.00089,0.2
,,,-0.000889,0.2
,,,-0.000888,0.2
,,,-0.000887,0.22
,,,-0.000886,0.22
,,,-0.000885,0.22
,,,-0.000884,0.22
,,,-0.000883,0.2
,,,-0.000882,0.2
,,,-0.000881,0.2
,,,-0.00088,0.22
,,,-0.000879,0.22
,,,-0.000878,0.22
,,,-0.000877,0.22
,,,-0.000876,0.2
,,,-0.000875,0.2
,,,-0.000874,0.18
,,,-0.000873,0.18
,,,-0.000872,0.16
,,,-0.000871,0.16
,,,-0.00087,0.14
,,,-0.000869,0.14
,,,-0.000868,0.12
,,,-0.000867,0.1
,,,-0.000866,0.08
,,,-0.000865,0.08
,,,-0.000864,0.06
,,,-0.000863,0.04
,,,-0.000862,0.02
,,,-0.000861,0.02
,,,-0.00086,0
,,,-0.000859,-0.02
,,,-0.000858,-0.06
,,,-0.000857,-0.06
,,,-0.000856,-0.08
,,,-0.000855,-0.08
,,,-0.000854,-0.08
,,,-0.000853,-0.06
,,,-0.000852,-0.06
,,,-0.000851,-0.08
,,,-0.00085,-0.06
,,,-0.000849,-0.06
,,,-0.000848,-0.06
,,,-0.000847,-0.06
,,,-0.000846,-0.06
,,,-0.000845,-0.08
,,,-0.000844,-0.06
,,,-0.000843,-0.08
,,,-0.000842,-0.06
,,,-0.000841,-0.06
,,,-0.00084,-0.06
,,,-0.000839,-0.02
,,,-0.000838,0
,,,-0.000837,-0.02
,,,-0.000836,-0.02
,,,-0.000835,0
,,,-0.000834,-0.02
,,,-0.000833,0
,,,-0.000832,-0.02
,,,-0.000831,-0.02
,,,-0.00083,-0.04
,,,-0.000829,-0.02
,,,-0.000828,-0.04
,,,-0.000827,-0.06
,,,-0.000826,-0.06
,,,-0.000825,-0.08
,,,-0.000824,-0.08
,,,-0.000823,-0.06
,,,-0.000822,-0.08
,,,-0.000821,-0.08
,,,-0.00082,-0.06
,,,-0.000819,-0.06
,,,-0.000818,-0.06
,,,-0.000817,-0.06
,,,-0.000816,-0.06
,,,-0.000815,-0.06
,,,-0.000814,-0.06
,,,-0.000813,-0.08
,,,-0.000812,-0.08
,,,-0.000811,-0.06
,,,-0.00081,-0.06
,,,-0.000809,-0.06
,,,-0.000808,-0.08
,,,-0.000807,-0.06
,,,-0.000806,-0.06
,,,-0.000805,-0.06
,,,-0.000804,-0.08
,,,-0.000803,-0.06
,,,-0.000802,-0.06
,,,-0.000801,-0.08
,,,-0.0008,-0.06
,,,-0.000799,-0.08
,,,-0.000798,-0.06
,,,-0.000797,-0.06
,,,-0.000796,-0.06
,,,-0.000795,-0.08
,,,-0.000794,-0.08
,,,-0.000793,-0.08
,,,-0.000792,-0.06
,,,-0.000791,-0.06
,,,-0.00079,-0.06
,,,-0.000789,-0.06
,,,-0.000788,-0.06
,,,-0.000787,-0.06
,,,-0.000786,-0.06
,,,-0.000785,-0.06
,,,-0.000784,-0.08
,,,-0.000783,-0.06
,,,-0.000782,-0.06
,,,-0.000781,-0.06
,,,-0.00078,-0.08
,,,-0.000779,-0.08
,,,-0.000778,-0.06
,,,-0.000777,-0.08
,,,-0.000776,-0.08
,,,-0.000775,-0.08
,,,-0.000774,-0.06
,,,-0.000773,-0.04
,,,-0.000772,-0.06
,,,-0.000771,-0.06
,,,-0.00077,-0.06
,,,-0.000769,-0.06
,,,-0.000768,-0.06
,,,-0.000767,-0.06
,,,-0.000766,-0.06
,,,-0.000765,-0.06
,,,-0.000764,-0.06
,,,-0.000763,-0.08
,,,-0.000762,-0.06
,,,-0.000761,-0.06
,,,-0.00076,-0.06
,,,-0.000759,-0.06
,,,-0.000758,-0.08
,,,-0.000757,-0.06
,,,-0.000756,-0.06
,,,-0.000755,-0.08
,,,-0.000754,-0.06
,,,-0.000753,-0.06
,,,-0.000752,-0.06
,,,-0.000751,-0.06
,,,-0.00075,-0.08
,,,-0.000749,-0.06
,,,-0.000748,-0.06
,,,-0.000747,-0.06
,,,-0.000746,-0.06
,,,-0.000745,-0.08
,,,-0.000744,-0.08
,,,-0.000743,-0.06
,,,-0.000742,-0.08
,,,-0.000741,-0.08
,,,-0.00074,-0.08
,,,-0.000739,-0.06
,,,-0.000738,-0.04
,,,-0.000737,-0.02
,,,-0.000736,-0.02
,,,-0.000735,0
,,,-0.000734,0.02
,,,-0.000733,0
,,,-0.000732,0.02
,,,-0.000731,0.06
,,,-0.00073,0.04
,,,-0.000729,0.04
,,,-0.000728,0.06
,,,-0.000727,0.08
,,,-0.000726,0.1
,,,-0.000725,0.08
,,,-0.000724,0.1
,,,-0.000723,0.1
,,,-0.000722,0.1
,,,-0.000721,0.12
,,,-0.00072,0.1
,,,-0.000719,0.12
,,,-0.000718,0.12
,,,-0.000717,0.14
,,,-0.000716,0.14
,,,-0.000715,0.1
,,,-0.000714,0.12
,,,-0.000713,0.1
,,,-0.000712,0.1
,,,-0.000711,0.08
,,,-0.00071,0.1
,,,-0.000709,0.06
,,,-0.000708,0.04
,,,-0.000707,0.02
,,,-0.000706,0
,,,-0.000705,-0.04
,,,-0.000704,-0.04
,,,-0.000703,-0.06
,,,-0.000702,-0.08
,,,-0.000701,-0.06
,,,-0.0007,-0.08
,,,-0.000699,-0.08
,,,-0.000698,-0.06
,,,-0.000697,-0.06
,,,-0.000696,-0.06
,,,-0.000695,-0.06
,,,-0.000694,-0.08
,,,-0.000693,-0.08
,,,-0.000692,-0.06
,,,-0.000691,-0.04
,,,-0.00069,-0.06
,,,-0.000689,-0.08
,,,-0.000688,-0.06
,,,-0.000687,-0.06
,,,-0.000686,-0.06
,,,-0.000685,-0.08
,,,-0.000684,-0.06
,,,-0.000683,-0.08
,,,-0.000682,-0.06
,,,-0.000681,-0.06
,,,-0.00068,-0.06
,,,-0.000679,-0.08
,,,-0.000678,-0.08
,,,-0.000677,-0.1
,,,-0.000676,-0.12
,,,-0.000675,-0.18
,,,-0.000674,-0.24
,,,-0.000673,-0.28
,,,-0.000672,-0.32
,,,-0.000671,-0.12
,,,-0.00067,0.1
,,,-0.000669,0.3
,,,-0.000668,0.52
,,,-0.000667,0.74
,,,-0.000666,0.96
,,,-0.000665,1.16
,,,-0.000664,1.36
,,,-0.000663,1.48
,,,-0.000662,1.28
,,,-0.000661,1.08
,,,-0.00066,0.82
,,,-0.000659,0.64
,,,-0.000658,0.42
,,,-0.000657,0.2
,,,-0.000656,0
,,,-0.000655,-0.24
,,,-0.000654,-0.44
,,,-0.000653,-0.46
,,,-0.000652,-0.36
,,,-0.000651,-0.26
,,,-0.00065,-0.18
,,,-0.000649,-0.12
,,,-0.000648,-0.1
,,,-0.000647,-0.08
,,,-0.000646,-0.06
,,,-0.000645,-0.06
,,,-0.000644,-0.08
,,,-0.000643,-0.06
,,,-0.000642,-0.06
,,,-0.000641,-0.06
,,,-0.00064,-0.06
,,,-0.000639,-0.08
,,,-0.000638,-0.06
,,,-0.000637,-0.1
,,,-0.000636,-0.06
,,,-0.000635,-0.06
,,,-0.000634,-0.08
,,,-0.000633,-0.06
,,,-0.000632,-0.06
,,,-0.000631,-0.06
,,,-0.00063,-0.08
,,,-0.000629,-0.06
,,,-0.000628,-0.08
,,,-0.000627,-0.06
,,,-0.000626,-0.06
,,,-0.000625,-0.08
,,,-0.000624,-0.08
,,,-0.000623,-0.06
,,,-0.000622,-0.06
,,,-0.000621,-0.06
,,,-0.00062,-0.06
,,,-0.000619,-0.06
,,,-0.000618,-0.06
,,,-0.000617,-0.08
,,,-0.000616,-0.06
,,,-0.000615,-0.06
,,,-0.000614,-0.08
,,,-0.000613,-0.08
,,,-0.000612,-0.06
,,,-0.000611,-0.06
,,,-0.00061,-0.06
,,,-0.000609,-0.06
,,,-0.000608,-0.06
,,,-0.000607,-0.08
,,,-0.000606,-0.06
,,,-0.000605,-0.06
,,,-0.000604,-0.06
,,,-0.000603,-0.06
,,,-0.000602,-0.06
,,,-0.000601,-0.06
,,,-0.0006,-0.06
,,,-0.000599,-0.06
,,,-0.000598,-0.04
,,,-0.000597,-0.06
,,,-0.000596,-0.04
,,,-0.000595,-0.04
,,,-0.000594,-0.02
,,,-0.000593,0
,,,-0.000592,0
,,,-0.000591,0
,,,-0.00059,0.02
,,,-0.000589,0.02
,,,-0.000588,0.04
,,,-0.000587,0.04
,,,-0.000586,0.04
,,,-0.000585,0.06
,,,-0.000584,0.06
,,,-0.000583,0.06
,,,-0.000582,0.08
,,,-0.000581,0.08
,,,-0.00058,0.1
,,,-0.000579,0.1
,,,-0.000578,0.1
,,,-0.000577,0.12
,,,-0.000576,0.12
,,,-0.000575,0.1
,,,-0.000574,0.14
,,,-0.000573,0.16
,,,-0.000572,0.16
,,,-0.000571,0.16
,,,-0.00057,0.16
,,,-0.000569,0.16
,,,-0.000568,0.16
,,,-0.000567,0.18
,,,-0.000566,0.2
,,,-0.000565,0.2
,,,-0.000564,0.2
,,,-0.000563,0.2
,,,-0.000562,0.2
,,,-0.000561,0.2
,,,-0.00056,0.2
,,,-0.000559,0.22
,,,-0.000558,0.22
,,,-0.000557,0.2
,,,-0.000556,0.22
,,,-0.000555,0.2
,,,-0.000554,0.22
,,,-0.000553,0.22
,,,-0.000552,0.22
,,,-0.000551,0.22
,,,-0.00055,0.22
,,,-0.000549,0.22
,,,-0.000548,0.22
,,,-0.000547,0.22
,,,-0.000546,0.2
,,,-0.000545,0.2
,,,-0.000544,0.22
,,,-0.000543,0.2
,,,-0.000542,0.2
,,,-0.000541,0.2
,,,-0.00054,0.18
,,,-0.000539,0.16
,,,-0.000538,0.16
,,,-0.000537,0.14
,,,-0.000536,0.16
,,,-0.000535,0.12
,,,-0.000534,0.1
,,,-0.000533,0.1
,,,-0.000532,0.1
,,,-0.000531,0.08
,,,-0.00053,0.06
,,,-0.000529,0.04
,,,-0.000528,0.02
,,,-0.000527,0
,,,-0.000526,-0.02
,,,-0.000525,-0.04
,,,-0.000524,-0.04
,,,-0.000523,-0.06
,,,-0.000522,-0.06
,,,-0.000521,-0.06
,,,-0.00052,-0.06
,,,-0.000519,-0.08
,,,-0.000518,-0.06
,,,-0.000517,-0.08
,,,-0.000516,-0.06
,,,-0.000515,-0.08
,,,-0.000514,-0.06
,,,-0.000513,-0.06
,,,-0.000512,-0.1
,,,-0.000511,-0.06
,,,-0.00051,-0.06
,,,-0.000509,-0.06
,,,-0.000508,-0.08
,,,-0.000507,-0.06
,,,-0.000506,-0.04
,,,-0.000505,-0.04
,,,-0.000504,-0.02
,,,-0.000503,-0.02
,,,-0.000502,-0.02
,,,-0.000501,0
,,,-0.0005,0
,,,-0.000499,0
,,,-0.000498,0
,,,-0.000497,0
,,,-0.000496,-0.04
,,,-0.000495,-0.06
,,,-0.000494,-0.06
,,,-0.000493,-0.08
,,,-0.000492,-0.08
,,,-0.000491,-0.04
,,,-0.00049,-0.06
,,,-0.000489,-0.06
,,,-0.000488,-0.08
,,,-0.000487,-0.06
,,,-0.000486,-0.08
,,,-0.000485,-0.04
,,,-0.000484,-0.08
,,,-0.000483,-0.08
,,,-0.000482,-0.08
,,,-0.000481,-0.06
,,,-0.00048,-0.06
,,,-0.000479,-0.08
,,,-0.000478,-0.06
,,,-0.000477,-0.06
,,,-0.000476,-0.06
,,,-0.000475,-0.06
,,,-0.000474,-0.06
,,,-0.000473,-0.08
,,,-0.000472,-0.06
,,,-0.000471,-0.06
,,,-0.00047,-0.06
,,,-0.000469,-0.06
,,,-0.000468,-0.08
,,,-0.000467,-0.06
,,,-0.000466,-0.06
,,,-0.000465,-0.08
,,,-0.000464,-0.06
,,,-0.000463,-0.08
,,,-0.000462,-0.06
,,,-0.000461,-0.06
,,,-0.00046,-0.06
,,,-0.000459,-0.08
,,,-0.000458,-0.08
,,,-0.000457,-0.08
,,,-0.000456,-0.08
,,,-0.000455,-0.08
,,,-0.000454,-0.08
,,,-0.000453,-0.06
,,,-0.000452,-0.06
,,,-0.000451,-0.06
,,,-0.00045,-0.06
,,,-0.000449,-0.06
,,,-0.000448,-0.08
,,,-0.000447,-0.08
,,,-0.000446,-0.08
,,,-0.000445,-0.06
,,,-0.000444,-0.08
,,,-0.000443,-0.04
,,,-0.000442,-0.06
,,,-0.000441,-0.06
,,,-0.00044,-0.06
,,,-0.000439,-0.04
,,,-0.000438,-0.06
,,,-0.000437,-0.06
,,,-0.000436,-0.06
,,,-0.000435,-0.08
,,,-0.000434,-0.06
,,,-0.000433,-0.06
,,,-0.000432,-0.06
,,,-0.000431,-0.08
,,,-0.00043,-0.06
,,,-0.000429,-0.06
,,,-0.000428,-0.08
,,,-0.000427,-0.08
,,,-0.000426,-0.06
,,,-0.000425,-0.06
,,,-0.000424,-0.06
,,,-0.000423,-0.06
,,,-0.000422,-0.06
,,,-0.000421,-0.06
,,,-0.00042,-0.08
,,,-0.000419,-0.06
,,,-0.000418,-0.08
,,,-0.000417,-0.06
,,,-0.000416,-0.06
,,,-0.000415,-0.08
,,,-0.000414,-0.06
,,,-0.000413,-0.06
,,,-0.000412,-0.06
,,,-0.000411,-0.06
,,,-0.00041,-0.08
,,,-0.000409,-0.06
,,,-0.000408,-0.06
,,,-0.000407,-0.06
,,,-0.000406,-0.06
,,,-0.000405,-0.06
,,,-0.000404,-0.04
,,,-0.000403,-0.02
,,,-0.000402,0.02
,,,-0.000401,0
,,,-0.0004,0.02
,,,-0.000399,0.04
,,,-0.000398,0.04
,,,-0.000397,0.04
,,,-0.000396,0.06
,,,-0.000395,0.08
,,,-0.000394,0.08
,,,-0.000393,0.1
,,,-0.000392,0.1
,,,-0.000391,0.12
,,,-0.00039,0.1
,,,-0.000389,0.1
,,,-0.000388,0.1
,,,-0.000387,0.1
,,,-0.000386,0.12
,,,-0.000385,0.1
,,,-0.000384,0.12
,,,-0.000383,0.12
,,,-0.000382,0.12
,,,-0.000381,0.12
,,,-0.00038,0.1
,,,-0.000379,0.1
,,,-0.000378,0.08
,,,-0.000377,0.06
,,,-0.000376,0.06
,,,-0.000375,0.02
,,,-0.000374,0.02
,,,-0.000373,0
,,,-0.000372,-0.02
,,,-0.000371,-0.06
,,,-0.00037,-0.08
,,,-0.000369,-0.06
,,,-0.000368,-0.1
,,,-0.000367,-0.06
,,,-0.000366,-0.08
,,,-0.000365,-0.06
,,,-0.000364,-0.06
,,,-0.000363,-0.06
,,,-0.000362,-0.06
,,,-0.000361,-0.06
,,,-0.00036,-0.06
,,,-0.000359,-0.06
,,,-0.000358,-0.06
,,,-0.000357,-0.06
,,,-0.000356,-0.06
,,,-0.000355,-0.06
,,,-0.000354,-0.06
,,,-0.000353,-0.06
,,,-0.000352,-0.06
,,,-0.000351,-0.06
,,,-0.00035,-0.06
,,,-0.000349,-0.08
,,,-0.000348,-0.08
,,,-0.000347,-0.08
,,,-0.000346,-0.08
,,,-0.000345,-0.08
,,,-0.000344,-0.06
,,,-0.000343,-0.1
,,,-0.000342,-0.16
,,,-0.000341,-0.2
,,,-0.00034,-0.26
,,,-0.000339,-0.32
,,,-0.000338,-0.2
,,,-0.000337,0.02
,,,-0.000336,0.24
,,,-0.000335,0.44
,,,-0.000334,0.66
,,,-0.000333,0.88
,,,-0.000332,1.08
,,,-0.000331,1.3
,,,-0.00033,1.5
,,,-0.000329,1.32
,,,-0.000328,1.14
,,,-0.000327,0.92
,,,-0.000326,0.7
,,,-0.000325,0.48
,,,-0.000324,0.28
,,,-0.000323,0.06
,,,-0.000322,-0.16
,,,-0.000321,-0.38
,,,-0.00032,-0.5
,,,-0.000319,-0.38
,,,-0.000318,-0.3
,,,-0.000317,-0.22
,,,-0.000316,-0.16
,,,-0.000315,-0.08
,,,-0.000314,-0.08
,,,-0.000313,-0.06
,,,-0.000312,-0.06
,,,-0.000311,-0.06
,,,-0.00031,-0.06
,,,-0.000309,-0.06
,,,-0.000308,-0.08
,,,-0.000307,-0.08
,,,-0.000306,-0.08
,,,-0.000305,-0.06
,,,-0.000304,-0.06
,,,-0.000303,-0.06
,,,-0.000302,-0.08
,,,-0.000301,-0.08
,,,-0.0003,-0.06
,,,-0.000299,-0.08
,,,-0.000298,-0.06
,,,-0.000297,-0.06
,,,-0.000296,-0.06
,,,-0.000295,-0.06
,,,-0.000294,-0.06
,,,-0.000293,-0.06
,,,-0.000292,-0.06
,,,-0.000291,-0.08
,,,-0.00029,-0.06
,,,-0.000289,-0.06
,,,-0.000288,-0.06
,,,-0.000287,-0.06
,,,-0.000286,-0.08
,,,-0.000285,-0.06
,,,-0.000284,-0.06
,,,-0.000283,-0.06
,,,-0.000282,-0.06
,,,-0.000281,-0.06
,,,-0.00028,-0.08
,,,-0.000279,-0.08
,,,-0.000278,-0.06
,,,-0.000277,-0.08
,,,-0.000276,-0.06
,,,-0.000275,-0.06
,,,-0.000274,-0.06
,,,-0.000273,-0.08
,,,-0.000272,-0.06
,,,-0.000271,-0.08
,,,-0.00027,-0.06
,,,-0.000269,-0.08
,,,-0.000268,-0.06
,,,-0.000267,-0.06
,,,-0.000266,-0.08
,,,-0.000265,-0.08
,,,-0.000264,-0.06
,,,-0.000263,-0.04
,,,-0.000262,-0.02
,,,-0.000261,-0.02
,,,-0.00026,0
,,,-0.000259,0
,,,-0.000258,0
,,,-0.000257,0
,,,-0.000256,0.02
,,,-0.000255,0.04
,,,-0.000254,0.04
,,,-0.000253,0.04
,,,-0.000252,0.06
,,,-0.000251,0.06
,,,-0.00025,0.08
,,,-0.000249,0.08
,,,-0.000248,0.08
,,,-0.000247,0.1
,,,-0.000246,0.1
,,,-0.000245,0.1
,,,-0.000244,0.1
,,,-0.000243,0.12
,,,-0.000242,0.12
,,,-0.000241,0.14
,,,-0.00024,0.14
,,,-0.000239,0.14
,,,-0.000238,0.14
,,,-0.000237,0.16
,,,-0.000236,0.16
,,,-0.000235,0.16
,,,-0.000234,0.16
,,,-0.000233,0.18
,,,-0.000232,0.2
,,,-0.000231,0.18
,,,-0.00023,0.18
,,,-0.000229,0.2
,,,-0.000228,0.2
,,,-0.000227,0.2
,,,-0.000226,0.22
,,,-0.000225,0.2
,,,-0.000224,0.2
,,,-0.000223,0.22
,,,-0.000222,0.22
,,,-0.000221,0.2
,,,-0.00022,0.22
,,,-0.000219,0.22
,,,-0.000218,0.22
,,,-0.000217,0.22
,,,-0.000216,0.2
,,,-0.000215,0.22
,,,-0.000214,0.2
,,,-0.000213,0.22
,,,-0.000212,0.22
,,,-0.000211,0.2
,,,-0.00021,0.2
,,,-0.000209,0.2
,,,-0.000208,0.18
,,,-0.000207,0.16
,,,-0.000206,0.16
,,,-0.000205,0.18
,,,-0.000204,0.16
,,,-0.000203,0.12
,,,-0.000202,0.14
,,,-0.000201,0.12
,,,-0.0002,0.1
,,,-0.000199,0.1
,,,-0.000198,0.08
,,,-0.000197,0.06
,,,-0.000196,0.04
,,,-0.000195,0.04
,,,-0.000194,0
,,,-0.000193,-0.02
,,,-0.000192,0
,,,-0.000191,-0.04
,,,-0.00019,-0.08
,,,-0.000189,-0.08
,,,-0.000188,-0.06
,,,-0.000187,-0.06
,,,-0.000186,-0.08
,,,-0.000185,-0.06
,,,-0.000184,-0.08
,,,-0.000183,-0.06
,,,-0.000182,-0.06
,,,-0.000181,-0.08
,,,-0.00018,-0.08
,,,-0.000179,-0.08
,,,-0.000178,-0.06
,,,-0.000177,-0.06
,,,-0.000176,-0.08
,,,-0.000175,-0.08
,,,-0.000174,-0.06
,,,-0.000173,-0.06
,,,-0.000172,-0.02
,,,-0.000171,-0.02
,,,-0.00017,0
,,,-0.000169,0
,,,-0.000168,0
,,,-0.000167,0
,,,-0.000166,0
,,,-0.000165,-0.02
,,,-0.000164,-0.02
,,,-0.000163,-0.02
,,,-0.000162,-0.04
,,,-0.000161,-0.04
,,,-0.00016,-0.06
,,,-0.000159,-0.08
,,,-0.000158,-0.06
,,,-0.000157,-0.08
,,,-0.000156,-0.06
,,,-0.000155,-0.06
,,,-0.000154,-0.06
,,,-0.000153,-0.06
,,,-0.000152,-0.08
,,,-0.000151,-0.06
,,,-0.00015,-0.08
,,,-0.000149,-0.06
,,,-0.000148,-0.06
,,,-0.000147,-0.06
,,,-0.000146,-0.06
,,,-0.000145,-0.06
,,,-0.000144,-0.06
,,,-0.000143,-0.06
,,,-0.000142,-0.06
,,,-0.000141,-0.08
,,,-0.00014,-0.08
,,,-0.000139,-0.06
,,,-0.000138,-0.06
,,,-0.000137,-0.06
,,,-0.000136,-0.06
,,,-0.000135,-0.06
,,,-0.000134,-0.06
,,,-0.000133,-0.06
,,,-0.000132,-0.06
,,,-0.000131,-0.06
,,,-0.00013,-0.06
,,,-0.000129,-0.08
,,,-0.000128,-0.06
,,,-0.000127,-0.08
,,,-0.000126,-0.08
,,,-0.000125,-0.08
,,,-0.000124,-0.08
,,,-0.000123,-0.08
,,,-0.000122,-0.06
,,,-0.000121,-0.06
,,,-0.00012,-0.06
,,,-0.000119,-0.06
,,,-0.000118,-0.06
,,,-0.000117,-0.06
,,,-0.000116,-0.06
,,,-0.000115,-0.06
,,,-0.000114,-0.08
,,,-0.000113,-0.06
,,,-0.000112,-0.06
,,,-0.000111,-0.06
,,,-0.00011,-0.06
,,,-0.000109,-0.08
,,,-0.000108,-0.08
,,,-0.000107,-0.06
,,,-0.000106,-0.06
,,,-0.000105,-0.06
,,,-0.000104,-0.06
,,,-0.000103,-0.08
,,,-0.000102,-0.06
,,,-0.000101,-0.06
,,,-0.0001,-0.08
,,,-0.000099,-0.06
,,,-0.000098,-0.06
,,,-0.000097,-0.06
,,,-0.000096,-0.06
,,,-0.000095,-0.06
,,,-0.000094,-0.06
,,,-0.000093,-0.06
,,,-0.000092,-0.06
,,,-0.000091,-0.06
,,,-0.00009,-0.06
,,,-0.000089,-0.08
,,,-0.000088,-0.08
,,,-0.000087,-0.06
,,,-0.000086,-0.06
,,,-0.000085,-0.06
,,,-0.000084,-0.06
,,,-0.000083,-0.06
,,,-0.000082,-0.06
,,,-0.000081,-0.06
,,,-0.00008,-0.06
,,,-0.000079,-0.08
,,,-0.000078,-0.06
,,,-0.000077,-0.08
,,,-0.000076,-0.08
,,,-0.000075,-0.08
,,,-0.000074,-0.06
,,,-0.000073,-0.06
,,,-0.000072,-0.06
,,,-0.000071,-0.04
,,,-0.00007,-0.02
,,,-0.000069,-0.02
,,,-0.000068,0
,,,-0.000067,0.02
,,,-0.000066,0.02
,,,-0.000065,0.04
,,,-0.000064,0.04
,,,-0.000063,0.06
,,,-0.000062,0.06
,,,-0.000061,0.06
,,,-0.00006,0.1
,,,-0.000059,0.1
,,,-0.000058,0.08
,,,-0.000057,0.1
,,,-0.000056,0.1
,,,-0.000055,0.12
,,,-0.000054,0.14
,,,-0.000053,0.14
,,,-0.000052,0.1
,,,-0.000051,0.12
,,,-0.00005,0.12
,,,-0.000049,0.1
,,,-0.000048,0.12
,,,-0.000047,0.12
,,,-0.000046,0.1
,,,-0.000045,0.1
,,,-0.000044,0.1
,,,-0.000043,0.06
,,,-0.000042,0.04
,,,-0.000041,0.02
,,,-0.00004,0
,,,-0.000039,-0.02
,,,-0.000038,-0.04
,,,-0.000037,-0.08
,,,-0.000036,-0.06
,,,-0.000035,-0.06
,,,-0.000034,-0.08
,,,-0.000033,-0.08
,,,-0.000032,-0.08
,,,-0.000031,-0.06
,,,-0.00003,-0.06
,,,-0.000029,-0.06
,,,-0.000028,-0.06
,,,-0.000027,-0.06
,,,-0.000026,-0.06
,,,-0.000025,-0.06
,,,-0.000024,-0.06
,,,-0.000023,-0.06
,,,-0.000022,-0.06
,,,-0.000021,-0.08
,,,-0.00002,-0.06
,,,-0.000019,-0.04
,,,-0.000018,-0.06
,,,-0.000017,-0.06
,,,-0.000016,-0.06
,,,-0.000015,-0.08
,,,-0.000014,-0.08
,,,-0.000013,-0.06
,,,-0.000012,-0.08
,,,-0.000011,-0.08
,,,-0.00001,-0.1
,,,-0.000009,-0.14
,,,-0.000008,-0.16
,,,-0.000007,-0.22
,,,-0.000006,-0.3
,,,-0.000005,-0.24
,,,-0.000004,-0.04
,,,-0.000003,0.16
,,,-0.000002,0.38
,,,-0.000001,0.6
,,,0,0.82
,,,0.000001,1.02
,,,0.000002,1.24
,,,0.000003,1.46
,,,0.000004,1.4
,,,0.000005,1.22
,,,0.000006,0.98
,,,0.000007,0.76
,,,0.000008,0.56
,,,0.000009,0.34
,,,0.00001,0.14
,,,0.000011,-0.08
,,,0.000012,-0.3
,,,0.000013,-0.5
,,,0.000014,-0.4
,,,0.000015,-0.32
,,,0.000016,-0.24
,,,0.000017,-0.16
,,,0.000018,-0.12
,,,0.000019,-0.08
,,,0.00002,-0.06
,,,0.000021,-0.06
,,,0.000022,-0.06
,,,0.000023,-0.06
,,,0.000024,-0.06
,,,0.000025,-0.06
,,,0.000026,-0.06
,,,0.000027,-0.06
,,,0.000028,-0.06
,,,0.000029,-0.06
,,,0.00003,-0.08
,,,0.000031,-0.08
,,,0.000032,-0.06
,,,0.000033,-0.06
,,,0.000034,-0.06
,,,0.000035,-0.06
,,,0.000036,-0.06
,,,0.000037,-0.06
,,,0.000038,-0.06
,,,0.000039,-0.08
,,,0.00004,-0.06
,,,0.000041,-0.06
,,,0.000042,-0.06
,,,0.000043,-0.06
,,,0.000044,-0.08
,,,0.000045,-0.06
,,,0.000046,-0.08
,,,0.000047,-0.06
,,,0.000048,-0.08
,,,0.000049,-0.06
,,,0.00005,-0.06
,,,0.000051,-0.06
,,,0.000052,-0.06
,,,0.000053,-0.06
,,,0.000054,-0.06
,,,0.000055,-0.06
,,,0.000056,-0.06
,,,0.000057,-0.06
,,,0.000058,-0.06
,,,0.000059,-0.08
,,,0.00006,-0.08
,,,0.000061,-0.06
,,,0.000062,-0.06
,,,0.000063,-0.06
,,,0.000064,-0.06
,,,0.000065,-0.06
,,,0.000066,-0.06
,,,0.000067,-0.06
,,,0.000068,-0.06
,,,0.000069,-0.06
,,,0.00007,-0.02
,,,0.000071,-0.04
,,,0.000072,-0.02
,,,0.000073,0
,,,0.000074,0
,,,0.000075,0
,,,0.000076,0.02
,,,0.000077,0.04
,,,0.000078,0.04
,,,0.000079,0.06
,,,0.00008,0.06
,,,0.000081,0.06
,,,0.000082,0.06
,,,0.000083,0.06
,,,0.000084,0.08
,,,0.000085,0.1
,,,0.000086,0.1
,,,0.000087,0.1
,,,0.000088,0.1
,,,0.000089,0.1
,,,0.00009,0.12
,,,0.000091,0.12
,,,0.000092,0.14
,,,0.000093,0.14
,,,0.000094,0.16
,,,0.000095,0.14
,,,0.000096,0.14
,,,0.000097,0.16
,,,0.000098,0.16
,,,0.000099,0.18
,,,0.0001,0.18
,,,0.000101,0.16
,,,0.000102,0.18
,,,0.000103,0.2
,,,0.000104,0.18
,,,0.000105,0.2
,,,0.000106,0.2
,,,0.000107,0.2
,,,0.000108,0.22
,,,0.000109,0.22
,,,0.00011,0.22
,,,0.000111,0.22
,,,0.000112,0.22
,,,0.000113,0.22
,,,0.000114,0.22
,,,0.000115,0.22
,,,0.000116,0.22
,,,0.000117,0.22
,,,0.000118,0.2
,,,0.000119,0.22
,,,0.00012,0.22
,,,0.000121,0.22
,,,0.000122,0.18
,,,0.000123,0.2
,,,0.000124,0.2
,,,0.000125,0.2
,,,0.000126,0.18
,,,0.000127,0.18
,,,0.000128,0.16
,,,0.000129,0.16
,,,0.00013,0.14
,,,0.000131,0.12
,,,0.000132,0.12
,,,0.000133,0.12
,,,0.000134,0.1
,,,0.000135,0.08
,,,0.000136,0.06
,,,0.000137,0.04
,,,0.000138,0.04
,,,0.000139,0
,,,0.00014,0
,,,0.000141,-0.02
,,,0.000142,-0.04
,,,0.000143,-0.06
,,,0.000144,-0.06
,,,0.000145,-0.06
,,,0.000146,-0.06
,,,0.000147,-0.08
,,,0.000148,-0.06
,,,0.000149,-0.06
,,,0.00015,-0.08
,,,0.000151,-0.06
,,,0.000152,-0.06
,,,0.000153,-0.06
,,,0.000154,-0.06
,,,0.000155,-0.08
,,,0.000156,-0.06
,,,0.000157,-0.06
,,,0.000158,-0.06
,,,0.000159,-0.06
,,,0.00016,-0.06
,,,0.000161,-0.02
,,,0.000162,-0.02
,,,0.000163,0
,,,0.000164,0
,,,0.000165,0
,,,0.000166,0
,,,0.000167,-0.02
,,,0.000168,-0.02
,,,0.000169,0
,,,0.00017,-0.06
,,,0.000171,-0.04
,,,0.000172,-0.06
,,,0.000173,-0.06
,,,0.000174,-0.06
,,,0.000175,-0.06
,,,0.000176,-0.1
,,,0.000177,-0.06
,,,0.000178,-0.06
,,,0.000179,-0.04
,,,0.00018,-0.06
,,,0.000181,-0.06
,,,0.000182,-0.06
,,,0.000183,-0.06
,,,0.000184,-0.06
,,,0.000185,-0.06
,,,0.000186,-0.06
,,,0.000187,-0.08
,,,0.000188,-0.06
,,,0.000189,-0.06
,,,0.00019,-0.06
,,,0.000191,-0.06
,,,0.000192,-0.06
,,,0.000193,-0.06
,,,0.000194,-0.08
,,,0.000195,-0.06
,,,0.000196,-0.06
,,,0.000197,-0.06
,,,0.000198,-0.06
,,,0.000199,-0.06
,,,0.0002,-0.06
,,,0.000201,-0.06
,,,0.000202,-0.04
,,,0.000203,-0.06
,,,0.000204,-0.08
,,,0.000205,-0.08
,,,0.000206,-0.06
,,,0.000207,-0.06
,,,0.000208,-0.06
,,,0.000209,-0.06
,,,0.00021,-0.06
,,,0.000211,-0.06
,,,0.000212,-0.06
,,,0.000213,-0.08
,,,0.000214,-0.08
,,,0.000215,-0.06
,,,0.000216,-0.08
,,,0.000217,-0.08
,,,0.000218,-0.08
,,,0.000219,-0.08
,,,0.00022,-0.06
,,,0.000221,-0.06
,,,0.000222,-0.06
,,,0.000223,-0.04
,,,0.000224,-0.06
,,,0.000225,-0.06
,,,0.000226,-0.08
,,,0.000227,-0.06
,,,0.000228,-0.06
,,,0.000229,-0.08
,,,0.00023,-0.06
,,,0.000231,-0.06
,,,0.000232,-0.06
,,,0.000233,-0.06
,,,0.000234,-0.08
,,,0.000235,-0.06
,,,0.000236,-0.08
,,,0.000237,-0.06
,,,0.000238,-0.08
,,,0.000239,-0.08
,,,0.00024,-0.06
,,,0.000241,-0.06
,,,0.000242,-0.08
,,,0.000243,-0.08
,,,0.000244,-0.06
,,,0.000245,-0.06
,,,0.000246,-0.08
,,,0.000247,-0.06
,,,0.000248,-0.06
,,,0.000249,-0.06
,,,0.00025,-0.06
,,,0.000251,-0.06
,,,0.000252,-0.08
,,,0.000253,-0.08
,,,0.000254,-0.04
,,,0.000255,-0.06
,,,0.000256,-0.06
,,,0.000257,-0.08
,,,0.000258,-0.06
,,,0.000259,-0.06
,,,0.00026,-0.06
,,,0.000261,-0.06
,,,0.000262,-0.04
,,,0.000263,-0.04
,,,0.000264,0
,,,0.000265,0
,,,0.000266,0
,,,0.000267,0.02
,,,0.000268,0.02
,,,0.000269,0.04
,,,0.00027,0.04
,,,0.000271,0.06
,,,0.000272,0.1
,,,0.000273,0.08
,,,0.000274,0.08
,,,0.000275,0.08
,,,0.000276,0.1
,,,0.000277,0.12
,,,0.000278,0.1
,,,0.000279,0.12
,,,0.00028,0.12
,,,0.000281,0.12
,,,0.000282,0.12
,,,0.000283,0.12
,,,0.000284,0.1
,,,0.000285,0.14
,,,0.000286,0.12
,,,0.000287,0.12
,,,0.000288,0.1
,,,0.000289,0.08
,,,0.00029,0.06
,,,0.000291,0.06
,,,0.000292,0.04
,,,0.000293,0.02
,,,0.000294,0
,,,0.000295,-0.04
,,,0.000296,-0.06
,,,0.000297,-0.06
,,,0.000298,-0.06
,,,0.000299,-0.06
,,,0.0003,-0.06
,,,0.000301,-0.08
,,,0.000302,-0.06
,,,0.000303,-0.06
,,,0.000304,-0.08
,,,0.000305,-0.08
,,,0.000306,-0.08
,,,0.000307,-0.06
,,,0.000308,-0.06
,,,0.000309,-0.06
,,,0.00031,-0.06
,,,0.000311,-0.08
,,,0.000312,-0.06
,,,0.000313,-0.06
,,,0.000314,-0.08
,,,0.000315,-0.06
,,,0.000316,-0.06
,,,0.000317,-0.08
,,,0.000318,-0.08
,,,0.000319,-0.06
,,,0.00032,-0.06
,,,0.000321,-0.06
,,,0.000322,-0.06
,,,0.000323,-0.08
,,,0.000324,-0.12
,,,0.000325,-0.16
,,,0.000326,-0.2
,,,0.000327,-0.28
,,,0.000328,-0.32
,,,0.000329,-0.1
,,,0.00033,0.08
,,,0.000331,0.32
,,,0.000332,0.52
,,,0.000333,0.74
,,,0.000334,0.98
,,,0.000335,1.16
,,,0.000336,1.38
,,,0.000337,1.46
,,,0.000338,1.28
,,,0.000339,1.06
,,,0.00034,0.82
,,,0.000341,0.62
,,,0.000342,0.4
,,,0.000343,0.2
,,,0.000344,-0.02
,,,0.000345,-0.24
,,,0.000346,-0.46
,,,0.000347,-0.48
,,,0.000348,-0.36
,,,0.000349,-0.26
,,,0.00035,-0.18
,,,0.000351,-0.12
,,,0.000352,-0.08
,,,0.000353,-0.06
,,,0.000354,-0.06
,,,0.000355,-0.06
,,,0.000356,-0.06
,,,0.000357,-0.06
,,,0.000358,-0.06
,,,0.000359,-0.06
,,,0.00036,-0.06
,,,0.000361,-0.06
,,,0.000362,-0.06
,,,0.000363,-0.06
,,,0.000364,-0.08
,,,0.000365,-0.06
,,,0.000366,-0.08
,,,0.000367,-0.06
,,,0.000368,-0.06
,,,0.000369,-0.06
,,,0.00037,-0.06
,,,0.000371,-0.06
,,,0.000372,-0.06
,,,0.000373,-0.06
,,,0.000374,-0.08
,,,0.000375,-0.08
,,,0.000376,-0.06
,,,0.000377,-0.06
,,,0.000378,-0.06
,,,0.000379,-0.06
,,,0.00038,-0.08
,,,0.000381,-0.06
,,,0.000382,-0.08
,,,0.000383,-0.06
,,,0.000384,-0.06
,,,0.000385,-0.06
,,,0.000386,-0.06
,,,0.000387,-0.06
,,,0.000388,-0.06
,,,0.000389,-0.06
,,,0.00039,-0.06
,,,0.000391,-0.08
,,,0.000392,-0.08
,,,0.000393,-0.08
,,,0.000394,-0.08
,,,0.000395,-0.08
,,,0.000396,-0.06
,,,0.000397,-0.04
,,,0.000398,-0.08
,,,0.000399,-0.06
,,,0.0004,-0.08
,,,0.000401,-0.06
,,,0.000402,-0.04
,,,0.000403,-0.04
,,,0.000404,-0.04
,,,0.000405,-0.02
,,,0.000406,-0.02
,,,0.000407,-0.02
,,,0.000408,0
,,,0.000409,0.02
,,,0.00041,0.04
,,,0.000411,0.02
,,,0.000412,0.04
,,,0.000413,0.04
,,,0.000414,0.06
,,,0.000415,0.06
,,,0.000416,0.04
,,,0.000417,0.1
,,,0.000418,0.08
,,,0.000419,0.08
,,,0.00042,0.1
,,,0.000421,0.1
,,,0.000422,0.1
,,,0.000423,0.1
,,,0.000424,0.12
,,,0.000425,0.14
,,,0.000426,0.14
,,,0.000427,0.14
,,,0.000428,0.14
,,,0.000429,0.14
,,,0.00043,0.18
,,,0.000431,0.16
,,,0.000432,0.18
,,,0.000433,0.18
,,,0.000434,0.16
,,,0.000435,0.18
,,,0.000436,0.22
,,,0.000437,0.2
,,,0.000438,0.2
,,,0.000439,0.2
,,,0.00044,0.22
,,,0.000441,0.22
,,,0.000442,0.22
,,,0.000443,0.2
,,,0.000444,0.22
,,,0.000445,0.22
,,,0.000446,0.22
,,,0.000447,0.22
,,,0.000448,0.22
,,,0.000449,0.22
,,,0.00045,0.22
,,,0.000451,0.2
,,,0.000452,0.22
,,,0.000453,0.22
,,,0.000454,0.22
,,,0.000455,0.2
,,,0.000456,0.2
,,,0.000457,0.22
,,,0.000458,0.2
,,,0.000459,0.18
,,,0.00046,0.18
,,,0.000461,0.16
,,,0.000462,0.16
,,,0.000463,0.14
,,,0.000464,0.12
,,,0.000465,0.1
,,,0.000466,0.1
,,,0.000467,0.08
,,,0.000468,0.08
,,,0.000469,0.06
,,,0.00047,0.06
,,,0.000471,0.04
,,,0.000472,0.02
,,,0.000473,0
,,,0.000474,-0.02
,,,0.000475,-0.04
,,,0.000476,-0.04
,,,0.000477,-0.06
,,,0.000478,-0.06
,,,0.000479,-0.06
,,,0.00048,-0.08
,,,0.000481,-0.08
,,,0.000482,-0.06
,,,0.000483,-0.08
,,,0.000484,-0.06
,,,0.000485,-0.06
,,,0.000486,-0.06
,,,0.000487,-0.06
,,,0.000488,-0.06
,,,0.000489,-0.06
,,,0.00049,-0.08
,,,0.000491,-0.06
,,,0.000492,-0.08
,,,0.000493,-0.06
,,,0.000494,-0.04
,,,0.000495,-0.02
,,,0.000496,-0.02
,,,0.000497,-0.02
,,,0.000498,0
,,,0.000499,0
,,,0.0005,0.02
,,,0.000501,0
,,,0.000502,0
,,,0.000503,-0.02
,,,0.000504,-0.02
,,,0.000505,-0.04
,,,0.000506,-0.06
,,,0.000507,-0.04
,,,0.000508,-0.06
,,,0.000509,-0.06
,,,0.00051,-0.06
,,,0.000511,-0.08
,,,0.000512,-0.06
,,,0.000513,-0.06
,,,0.000514,-0.08
,,,0.000515,-0.06
,,,0.000516,-0.06
,,,0.000517,-0.06
,,,0.000518,-0.06
,,,0.000519,-0.06
,,,0.00052,-0.08
,,,0.000521,-0.06
,,,0.000522,-0.06
,,,0.000523,-0.06
,,,0.000524,-0.08
,,,0.000525,-0.04
,,,0.000526,-0.06
,,,0.000527,-0.06
,,,0.000528,-0.06
,,,0.000529,-0.06
,,,0.00053,-0.06
,,,0.000531,-0.06
,,,0.000532,-0.06
,,,0.000533,-0.08
,,,0.000534,-0.06
,,,0.000535,-0.06
,,,0.000536,-0.06
,,,0.000537,-0.06
,,,0.000538,-0.06
,,,0.000539,-0.06
,,,0.00054,-0.06
,,,0.000541,-0.08
,,,0.000542,-0.06
,,,0.000543,-0.06
,,,0.000544,-0.1
,,,0.000545,-0.06
,,,0.000546,-0.06
,,,0.000547,-0.08
,,,0.000548,-0.06
,,,0.000549,-0.08
,,,0.00055,-0.06
,,,0.000551,-0.06
,,,0.000552,-0.08
,,,0.000553,-0.06
,,,0.000554,-0.06
,,,0.000555,-0.08
,,,0.000556,-0.06
,,,0.000557,-0.06
,,,0.000558,-0.08
,,,0.000559,-0.04
,,,0.00056,-0.06
,,,0.000561,-0.06
,,,0.000562,-0.06
,,,0.000563,-0.06
,,,0.000564,-0.06
,,,0.000565,-0.06
,,,0.000566,-0.04
,,,0.000567,-0.08
,,,0.000568,-0.08
,,,0.000569,-0.06
,,,0.00057,-0.08
,,,0.000571,-0.06
,,,0.000572,-0.06
,,,0.000573,-0.06
,,,0.000574,-0.08
,,,0.000575,-0.06
,,,0.000576,-0.06
,,,0.000577,-0.06
,,,0.000578,-0.08
,,,0.000579,-0.08
,,,0.00058,-0.04
,,,0.000581,-0.06
,,,0.000582,-0.06
,,,0.000583,-0.06
,,,0.000584,-0.06
,,,0.000585,-0.06
,,,0.000586,-0.08
,,,0.000587,-0.06
,,,0.000588,-0.06
,,,0.000589,-0.04
,,,0.00059,-0.06
,,,0.000591,-0.06
,,,0.000592,-0.08
,,,0.000593,-0.06
,,,0.000594,-0.06
,,,0.000595,-0.06
,,,0.000596,-0.02
,,,0.000597,-0.02
,,,0.000598,-0.02
,,,0.000599,0
,,,0.0006,0.02
,,,0.000601,0.02
,,,0.000602,0.04
,,,0.000603,0.04
,,,0.000604,0.06
,,,0.000605,0.08
,,,0.000606,0.08
,,,0.000607,0.08
,,,0.000608,0.1
,,,0.000609,0.1
,,,0.00061,0.1
,,,0.000611,0.12
,,,0.000612,0.1
,,,0.000613,0.1
,,,0.000614,0.12
,,,0.000615,0.12
,,,0.000616,0.1
,,,0.000617,0.1
,,,0.000618,0.12
,,,0.000619,0.12
,,,0.00062,0.12
,,,0.000621,0.1
,,,0.000622,0.1
,,,0.000623,0.06
,,,0.000624,0.06
,,,0.000625,0.04
,,,0.000626,0.02
,,,0.000627,0
,,,0.000628,-0.02
,,,0.000629,-0.04
,,,0.00063,-0.08
,,,0.000631,-0.06
,,,0.000632,-0.08
,,,0.000633,-0.08
,,,0.000634,-0.06
,,,0.000635,-0.06
,,,0.000636,-0.06
,,,0.000637,-0.06
,,,0.000638,-0.06
,,,0.000639,-0.08
,,,0.00064,-0.06
,,,0.000641,-0.06
,,,0.000642,-0.08
,,,0.000643,-0.06
,,,0.000644,-0.06
,,,0.000645,-0.08
,,,0.000646,-0.06
,,,0.000647,-0.06
,,,0.000648,-0.08
,,,0.000649,-0.06
,,,0.00065,-0.06
,,,0.000651,-0.06
,,,0.000652,-0.06
,,,0.000653,-0.06
,,,0.000654,-0.06
,,,0.000655,-0.06
,,,0.000656,-0.08
,,,0.000657,-0.1
,,,0.000658,-0.16
,,,0.000659,-0.2
,,,0.00066,-0.26
,,,0.000661,-0.32
,,,0.000662,-0.2
,,,0.000663,0.04
,,,0.000664,0.26
,,,0.000665,0.44
,,,0.000666,0.68
,,,0.000667,0.9
,,,0.000668,1.1
,,,0.000669,1.3
,,,0.00067,1.5
,,,0.000671,1.34
,,,0.000672,1.14
,,,0.000673,0.92
,,,0.000674,0.7
,,,0.000675,0.5
,,,0.000676,0.28
,,,0.000677,0.06
,,,0.000678,-0.16
,,,0.000679,-0.38
,,,0.00068,-0.5
,,,0.000681,-0.38
,,,0.000682,-0.28
,,,0.000683,-0.2
,,,0.000684,-0.14
,,,0.000685,-0.1
,,,0.000686,-0.08
,,,0.000687,-0.08
,,,0.000688,-0.08
,,,0.000689,-0.06
,,,0.00069,-0.06
,,,0.000691,-0.08
,,,0.000692,-0.06
,,,0.000693,-0.06
,,,0.000694,-0.06
,,,0.000695,-0.06
,,,0.000696,-0.06
,,,0.000697,-0.06
,,,0.000698,-0.06
,,,0.000699,-0.06
,,,0.0007,-0.06
,,,0.000701,-0.06
,,,0.000702,-0.06
,,,0.000703,-0.06
,,,0.000704,-0.06
,,,0.000705,-0.06
,,,0.000706,-0.06
,,,0.000707,-0.06
,,,0.000708,-0.06
,,,0.000709,-0.06
,,,0.00071,-0.08
,,,0.000711,-0.06
,,,0.000712,-0.06
,,,0.000713,-0.06
,,,0.000714,-0.1
,,,0.000715,-0.08
,,,0.000716,-0.08
,,,0.000717,-0.08
,,,0.000718,-0.04
,,,0.000719,-0.06
,,,0.00072,-0.06
,,,0.000721,-0.06
,,,0.000722,-0.08
,,,0.000723,-0.06
,,,0.000724,-0.08
,,,0.000725,-0.06
,,,0.000726,-0.06
,,,0.000727,-0.06
,,,0.000728,-0.06
,,,0.000729,-0.06
,,,0.00073,-0.06
,,,0.000731,-0.06
,,,0.000732,-0.06
,,,0.000733,-0.08
,,,0.000734,-0.06
,,,0.000735,-0.04
,,,0.000736,-0.04
,,,0.000737,-0.04
,,,0.000738,-0.02
,,,0.000739,-0.04
,,,0.00074,-0.02
,,,0.000741,0
,,,0.000742,0
,,,0.000743,0.02
,,,0.000744,0.02
,,,0.000745,0.04
,,,0.000746,0.06
,,,0.000747,0.04
,,,0.000748,0.06
,,,0.000749,0.06
,,,0.00075,0.06
,,,0.000751,0.1
,,,0.000752,0.08
,,,0.000753,0.1
,,,0.000754,0.1
,,,0.000755,0.1
,,,0.000756,0.12
,,,0.000757,0.12
,,,0.000758,0.12
,,,0.000759,0.14
,,,0.00076,0.14
,,,0.000761,0.16
,,,0.000762,0.16
,,,0.000763,0.16
,,,0.000764,0.16
,,,0.000765,0.16
,,,0.000766,0.16
,,,0.000767,0.18
,,,0.000768,0.18
,,,0.000769,0.18
,,,0.00077,0.18
,,,0.000771,0.2
,,,0.000772,0.2
,,,0.000773,0.18
,,,0.000774,0.2
,,,0.000775,0.22
,,,0.000776,0.2
,,,0.000777,0.2
,,,0.000778,0.22
,,,0.000779,0.22
,,,0.00078,0.18
,,,0.000781,0.22
,,,0.000782,0.22
,,,0.000783,0.2
,,,0.000784,0.22
,,,0.000785,0.22
,,,0.000786,0.22
,,,0.000787,0.22
,,,0.000788,0.22
,,,0.000789,0.2
,,,0.00079,0.22
,,,0.000791,0.2
,,,0.000792,0.18
,,,0.000793,0.18
,,,0.000794,0.16
,,,0.000795,0.16
,,,0.000796,0.16
,,,0.000797,0.14
,,,0.000798,0.12
,,,0.000799,0.1
,,,0.0008,0.1
,,,0.000801,0.08
,,,0.000802,0.08
,,,0.000803,0.08
,,,0.000804,0.04
,,,0.000805,0.02
,,,0.000806,0
,,,0.000807,-0.02
,,,0.000808,-0.02
,,,0.000809,-0.06
,,,0.00081,-0.06
,,,0.000811,-0.08
,,,0.000812,-0.06
,,,0.000813,-0.06
,,,0.000814,-0.06
,,,0.000815,-0.06
,,,0.000816,-0.06
,,,0.000817,-0.06
,,,0.000818,-0.08
,,,0.000819,-0.08
,,,0.00082,-0.06
,,,0.000821,-0.08
,,,0.000822,-0.08
,,,0.000823,-0.06
,,,0.000824,-0.06
,,,0.000825,-0.06
,,,0.000826,-0.06
,,,0.000827,-0.04
,,,0.000828,-0.02
,,,0.000829,-0.04
,,,0.00083,-0.02
,,,0.000831,-0.02
,,,0.000832,0
,,,0.000833,-0.02
,,,0.000834,0
,,,0.000835,-0.02
,,,0.000836,-0.02
,,,0.000837,-0.02
,,,0.000838,-0.04
,,,0.000839,-0.04
,,,0.00084,-0.06
,,,0.000841,-0.08
,,,0.000842,-0.06
,,,0.000843,-0.08
,,,0.000844,-0.08
,,,0.000845,-0.08
,,,0.000846,-0.04
,,,0.000847,-0.06
,,,0.000848,-0.06
,,,0.000849,-0.06
,,,0.00085,-0.06
,,,0.000851,-0.06
,,,0.000852,-0.08
,,,0.000853,-0.06
,,,0.000854,-0.06
,,,0.000855,-0.06
,,,0.000856,-0.06
,,,0.000857,-0.06
,,,0.000858,-0.06
,,,0.000859,-0.06
,,,0.00086,-0.06
,,,0.000861,-0.06
,,,0.000862,-0.06
,,,0.000863,-0.06
,,,0.000864,-0.06
,,,0.000865,-0.06
,,,0.000866,-0.06
,,,0.000867,-0.06
,,,0.000868,-0.08
,,,0.000869,-0.06
,,,0.00087,-0.06
,,,0.000871,-0.06
,,,0.000872,-0.06
,,,0.000873,-0.06
,,,0.000874,-0.08
,,,0.000875,-0.06
,,,0.000876,-0.08
,,,0.000877,-0.06
,,,0.000878,-0.08
,,,0.000879,-0.06
,,,0.00088,-0.08
,,,0.000881,-0.06
,,,0.000882,-0.06
,,,0.000883,-0.06
,,,0.000884,-0.06
,,,0.000885,-0.06
,,,0.000886,-0.08
,,,0.000887,-0.06
,,,0.000888,-0.06
,,,0.000889,-0.08
,,,0.00089,-0.06
,,,0.000891,-0.06
,,,0.000892,-0.08
,,,0.000893,-0.06
,,,0.000894,-0.06
,,,0.000895,-0.06
,,,0.000896,-0.06
,,,0.000897,-0.06
,,,0.000898,-0.06
,,,0.000899,-0.06
,,,0.0009,-0.08
,,,0.000901,-0.06
,,,0.000902,-0.06
,,,0.000903,-0.06
,,,0.000904,-0.08
,,,0.000905,-0.08
,,,0.000906,-0.06
,,,0.000907,-0.06
,,,0.000908,-0.06
,,,0.000909,-0.08
,,,0.00091,-0.08
,,,0.000911,-0.08
,,,0.000912,-0.06
,,,0.000913,-0.06
,,,0.000914,-0.06
,,,0.000915,-0.06
,,,0.000916,-0.08
,,,0.000917,-0.06
,,,0.000918,-0.08
,,,0.000919,-0.08
,,,0.00092,-0.06
,,,0.000921,-0.06
,,,0.000922,-0.06
,,,0.000923,-0.06
,,,0.000924,-0.06
,,,0.000925,-0.06
,,,0.000926,-0.06
,,,0.000927,-0.06
,,,0.000928,-0.06
,,,0.000929,-0.02
,,,0.00093,-0.04
,,,0.000931,-0.02
,,,0.000932,0
,,,0.000933,0
,,,0.000934,0.02
,,,0.000935,0.02
,,,0.000936,0.06
,,,0.000937,0.04
,,,0.000938,0.06
,,,0.000939,0.06
,,,0.00094,0.08
,,,0.000941,0.1
,,,0.000942,0.1
,,,0.000943,0.12
,,,0.000944,0.12
,,,0.000945,0.12
,,,0.000946,0.12
,,,0.000947,0.12
,,,0.000948,0.1
,,,0.000949,0.12
,,,0.00095,0.12
,,,0.000951,0.12
,,,0.000952,0.14
,,,0.000953,0.1
,,,0.000954,0.12
,,,0.000955,0.1
,,,0.000956,0.08
,,,0.000957,0.06
,,,0.000958,0.04
,,,0.000959,0.04
,,,0.00096,0.02
,,,0.000961,0
,,,0.000962,-0.06
,,,0.000963,-0.08
,,,0.000964,-0.06
,,,0.000965,-0.06
,,,0.000966,-0.06
,,,0.000967,-0.06
,,,0.000968,-0.06
,,,0.000969,-0.04
,,,0.00097,-0.06
,,,0.000971,-0.08
,,,0.000972,-0.08
,,,0.000973,-0.08
,,,0.000974,-0.06
,,,0.000975,-0.06
,,,0.000976,-0.06
,,,0.000977,-0.06
,,,0.000978,-0.06
,,,0.000979,-0.08
,,,0.00098,-0.06
,,,0.000981,-0.08
,,,0.000982,-0.06
,,,0.000983,-0.06
,,,0.000984,-0.06
,,,0.000985,-0.06
,,,0.000986,-0.06
,,,0.000987,-0.06
,,,0.000988,-0.06
,,,0.000989,-0.08
,,,0.00099,-0.08
,,,0.000991,-0.14
,,,0.000992,-0.18
,,,0.000993,-0.22
,,,0.000994,-0.3
,,,0.000995,-0.26
,,,0.000996,-0.04
,,,0.000997,0.2
,,,0.000998,0.4
,,,0.000999,0.6
,,,0.001,0.8
,,,0.001001,1.02
,,,0.001002,1.24
,,,0.001003,1.46
,,,0.001004,1.4
,,,0.001005,1.2
,,,0.001006,0.98
,,,0.001007,0.76
,,,0.001008,0.56
,,,0.001009,0.32
,,,0.00101,0.12
,,,0.001011,-0.08
,,,0.001012,-0.32
,,,0.001013,-0.5
,,,0.001014,-0.42
,,,0.001015,-0.32
,,,0.001016,-0.24
,,,0.001017,-0.18
,,,0.001018,-0.1
,,,0.001019,-0.08
,,,0.00102,-0.06
,,,0.001021,-0.06
,,,0.001022,-0.06
,,,0.001023,-0.08
,,,0.001024,-0.08
,,,0.001025,-0.08
,,,0.001026,-0.08
,,,0.001027,-0.08
,,,0.001028,-0.06
,,,0.001029,-0.06
,,,0.00103,-0.06
,,,0.001031,-0.06
,,,0.001032,-0.06
,,,0.001033,-0.06
,,,0.001034,-0.08
,,,0.001035,-0.06
,,,0.001036,-0.08
,,,0.001037,-0.06
,,,0.001038,-0.06
,,,0.001039,-0.08
,,,0.00104,-0.06
,,,0.001041,-0.06
,,,0.001042,-0.06
,,,0.001043,-0.08
,,,0.001044,-0.06
,,,0.001045,-0.08
,,,0.001046,-0.08
,,,0.001047,-0.06
,,,0.001048,-0.06
,,,0.001049,-0.06
,,,0.00105,-0.06
,,,0.001051,-0.06
,,,0.001052,-0.08
,,,0.001053,-0.06
,,,0.001054,-0.06
,,,0.001055,-0.06
,,,0.001056,-0.06
,,,0.001057,-0.06
,,,0.001058,-0.08
,,,0.001059,-0.08
,,,0.00106,-0.06
,,,0.001061,-0.06
,,,0.001062,-0.06
,,,0.001063,-0.08
,,,0.001064,-0.06
,,,0.001065,-0.06
,,,0.001066,-0.08
,,,0.001067,-0.06
,,,0.001068,-0.06
,,,0.001069,-0.06
,,,0.00107,-0.04
,,,0.001071,-0.02
,,,0.001072,-0.02
,,,0.001073,-0.02
,,,0.001074,0
,,,0.001075,0
,,,0.001076,0
,,,0.001077,0.02
,,,0.001078,0.02
,,,0.001079,0.04
,,,0.00108,0.06
,,,0.001081,0.06
,,,0.001082,0.06
,,,0.001083,0.08
,,,0.001084,0.08
,,,0.001085,0.1
,,,0.001086,0.08
,,,0.001087,0.1
,,,0.001088,0.1
,,,0.001089,0.12
,,,0.00109,0.12
,,,0.001091,0.14
,,,0.001092,0.14
,,,0.001093,0.12
,,,0.001094,0.16
,,,0.001095,0.16
,,,0.001096,0.18
,,,0.001097,0.16
,,,0.001098,0.16
,,,0.001099,0.16
,,,0.0011,0.18
,,,0.001101,0.18
,,,0.001102,0.2
,,,0.001103,0.18
,,,0.001104,0.2
,,,0.001105,0.18
,,,0.001106,0.22
,,,0.001107,0.2
,,,0.001108,0.22
,,,0.001109,0.2
,,,0.00111,0.18
,,,0.001111,0.22
,,,0.001112,0.22
,,,0.001113,0.22
,,,0.001114,0.22
,,,0.001115,0.24
,,,0.001116,0.22
,,,0.001117,0.22
,,,0.001118,0.22
,,,0.001119,0.22
,,,0.00112,0.22
,,,0.001121,0.24
,,,0.001122,0.2
,,,0.001123,0.2
,,,0.001124,0.2
,,,0.001125,0.2
,,,0.001126,0.18
,,,0.001127,0.16
,,,0.001128,0.16
,,,0.001129,0.18
,,,0.00113,0.12
,,,0.001131,0.12
,,,0.001132,0.1
,,,0.001133,0.1
,,,0.001134,0.1
,,,0.001135,0.08
,,,0.001136,0.06
,,,0.001137,0.06
,,,0.001138,0.02
,,,0.001139,0.02
,,,0.00114,0
,,,0.001141,0
,,,0.001142,-0.02
,,,0.001143,-0.04
,,,0.001144,-0.06
,,,0.001145,-0.06
,,,0.001146,-0.06
,,,0.001147,-0.04
,,,0.001148,-0.06
,,,0.001149,-0.08
,,,0.00115,-0.06
,,,0.001151,-0.08
,,,0.001152,-0.06
,,,0.001153,-0.08
,,,0.001154,-0.06
,,,0.001155,-0.06
,,,0.001156,-0.06
,,,0.001157,-0.06
,,,0.001158,-0.06
,,,0.001159,-0.06
,,,0.00116,-0.04
,,,0.001161,-0.02
,,,0.001162,-0.02
,,,0.001163,-0.02
,,,0.001164,0.02
,,,0.001165,-0.02
,,,0.001166,0
,,,0.001167,0
,,,0.001168,-0.02
,,,0.001169,-0.02
,,,0.00117,-0.04
,,,0.001171,-0.04
,,,0.001172,-0.06
,,,0.001173,-0.06
,,,0.001174,-0.06
,,,0.001175,-0.08
,,,0.001176,-0.08
,,,0.001177,-0.06
,,,0.001178,-0.06
,,,0.001179,-0.06
,,,0.00118,-0.06
,,,0.001181,-0.04
,,,0.001182,-0.06
,,,0.001183,-0.06
,,,0.001184,-0.06
,,,0.001185,-0.08
,,,0.001186,-0.08
,,,0.001187,-0.06
,,,0.001188,-0.06
,,,0.001189,-0.06
,,,0.00119,-0.06
,,,0.001191,-0.06
,,,0.001192,-0.06
,,,0.001193,-0.06
,,,0.001194,-0.06
,,,0.001195,-0.06
,,,0.001196,-0.06
,,,0.001197,-0.08
,,,0.001198,-0.06
,,,0.001199,-0.06
,,,0.0012,-0.06
,,,0.001201,-0.08
,,,0.001202,-0.06
,,,0.001203,-0.06
,,,0.001204,-0.06
,,,0.001205,-0.06
,,,0.001206,-0.06
,,,0.001207,-0.06
,,,0.001208,-0.06
,,,0.001209,-0.06
,,,0.00121,-0.06
,,,0.001211,-0.06
,,,0.001212,-0.06
,,,0.001213,-0.06
,,,0.001214,-0.06
,,,0.001215,-0.08
,,,0.001216,-0.06
,,,0.001217,-0.06
,,,0.001218,-0.06
,,,0.001219,-0.08
,,,0.00122,-0.08
,,,0.001221,-0.06
,,,0.001222,-0.06
,,,0.001223,-0.06
,,,0.001224,-0.1
,,,0.001225,-0.06
,,,0.001226,-0.06
,,,0.001227,-0.08
,,,0.001228,-0.06
,,,0.001229,-0.08
,,,0.00123,-0.08
,,,0.001231,-0.06
,,,0.001232,-0.06
,,,0.001233,-0.06
,,,0.001234,-0.06
,,,0.001235,-0.08
,,,0.001236,-0.06
,,,0.001237,-0.06
,,,0.001238,-0.06
,,,0.001239,-0.06
,,,0.00124,-0.06
,,,0.001241,-0.08
,,,0.001242,-0.08
,,,0.001243,-0.06
,,,0.001244,-0.08
,,,0.001245,-0.06
,,,0.001246,-0.06
,,,0.001247,-0.06
,,,0.001248,-0.08
,,,0.001249,-0.08